;filter_conv_1;kernel_conv_1;filter_conv_2;kernel_conv_2;filter_conv_3;kernel_conv_3;batchnorm_1;batchnorm_2;batchnorm_3;batchnorm_4;n_dense;batch_size;best_val_acc
0;64;5;128;3;256;3;0.9468529332676826;0.7196109409121522;0.7053455845411682;0.9535089629421972;128;256;0.8224999904632568
1;32;3;64;3;256;5;0.8491167844627737;0.7202971298035145;0.9898804311698126;0.7033319304154245;256;64;0.8169000148773193
2;32;5;128;3;256;3;0.8410000438151318;0.8908543050844997;0.9134274256235904;0.8687144517269564;256;128;0.7991999983787537
3;32;3;64;5;256;5;0.7656624799722976;0.7769031676975944;0.7361945823105148;0.7480750404243613;128;128;0.8105999827384949
4;32;3;128;5;256;5;0.9442716748388452;0.938114720866043;0.9509284217745926;0.9859821741016108;256;64;0.8353000283241272
5;64;5;128;3;128;3;0.9783748952935664;0.9661283617546376;0.7615717767770478;0.8280155513966286;256;256;0.8212000131607056
6;64;5;128;3;128;3;0.7042492281185171;0.8211727068890841;0.9307015592387692;0.9865971248997432;64;64;0.8201000094413757
7;64;3;64;5;128;5;0.7151739066802804;0.9676124946168064;0.7632989816233228;0.7879813065898476;128;256;0.8245000243186951
8;64;5;64;5;256;3;0.990153745564638;0.9524226700310736;0.9487730368541536;0.8986144478976189;256;64;0.7911000251770021
9;32;5;64;5;128;5;0.8320367201292127;0.9666614919348934;0.8105928469529593;0.8152196096609384;64;128;0.7918999791145325
10;32;5;64;3;256;3;0.9407723937695848;0.8850601458618751;0.9700058247015336;0.8587974772337317;256;128;0.7882000207901001
11;64;5;128;3;256;3;0.9035059754964264;0.9326326461119804;0.7653181990507921;0.7956983303578222;64;128;0.8144000172615051
12;64;3;128;5;128;5;0.9115987728611682;0.8221434437884795;0.8293460502151562;0.9451256033862896;256;128;0.8256000280380249
13;64;5;64;5;128;3;0.8621873649492076;0.9979818720146221;0.7417136224178743;0.9281203570321108;128;64;0.8090000152587891
14;32;5;64;5;256;5;0.7523760061927129;0.8792655287252225;0.9008049391246716;0.7878401453602162;64;128;0.7957000136375427
15;32;3;64;5;256;3;0.9769260716597804;0.9317549066265884;0.8904097956546383;0.8041456814457935;128;128;0.79339998960495
16;64;5;64;5;128;5;0.9177219188273787;0.9722525983070454;0.9278489900723764;0.8442204685718548;128;128;0.8105999827384949
17;32;5;128;3;128;5;0.7937138997158925;0.8244214423052366;0.7293690557697686;0.8251356239206167;64;64;0.8113999962806702
18;32;3;128;5;256;3;0.8795668523851259;0.8589479911742729;0.9351761031486292;0.7108052921776452;64;64;0.8238999843597412
19;64;5;128;3;128;3;0.966118372000172;0.9817261773179259;0.8854755355977266;0.8234310454695302;256;128;0.8104000091552734
20;32;3;128;5;128;5;0.9097599254128858;0.7816401668674383;0.8300941515753433;0.9970007799105208;256;64;0.817799985408783
21;64;3;128;5;128;5;0.8850861833304595;0.7694884314225797;0.8641927214290124;0.9631318756248254;256;256;0.8407999873161316
22;64;3;128;5;256;5;0.8141184529452739;0.7485400501011654;0.8588460746273241;0.972667046604232;256;256;0.8490999937057495
23;64;3;128;5;128;5;0.8178224066781171;0.7534970024723628;0.8651455599208412;0.9103867029676278;256;256;0.8454999923706055
24;64;3;128;5;128;5;0.7942364865242889;0.7398730099965044;0.7928072902403355;0.90800270894562;256;256;0.8180999755859375
25;64;3;128;5;256;5;0.8160716340611605;0.7536338859410849;0.8604471635861283;0.8870142140871566;256;256;0.8324000239372253
26;64;3;128;5;256;5;0.7351309819099106;0.7994954152869416;0.8388261404705649;0.9219162904472658;256;256;0.847000002861023
27;64;3;128;5;256;5;0.7344917466303708;0.7010172830975334;0.7930386967825593;0.9348691947288046;256;256;0.8464999794960022
28;64;3;128;5;256;5;0.7808651556450528;0.8033791439667991;0.8334185853724789;0.9560797228412716;256;256;0.8287000060081482
29;64;3;128;5;256;5;0.7297256708626189;0.7018365969331746;0.8444490604515842;0.9717421612440724;256;256;0.8349999785423279
30;64;3;128;5;256;5;0.7513509341772641;0.7321633127753095;0.7038291780436686;0.9271950650981646;256;256;0.8521000146865845
31;64;3;128;5;256;5;0.7613389101601675;0.7229085812669437;0.7021262217886591;0.9997876920268464;256;256;0.8252999782562256
32;64;3;128;5;256;5;0.8070586837720667;0.7199762606743317;0.8111221245182053;0.8778825380284458;128;256;0.847599983215332
33;64;3;128;5;256;5;0.7721065237490748;0.7429493125466969;0.7178725189979536;0.9718837944775232;256;256;0.8449000120162964
34;64;3;128;3;256;5;0.8461468883646652;0.8425715225674117;0.8765171198709706;0.9417377613232368;256;256;0.8417999744415283
35;64;3;128;5;256;5;0.8637917306366312;0.7024126728980932;0.9094365035657822;0.9828561786982676;256;256;0.8503999710083008
36;64;3;128;3;256;5;0.8638199369952694;0.7002124737764547;0.99564713446017;0.9939206643385868;128;256;0.8377000093460083
37;64;3;128;5;256;5;0.7006240901225321;0.9058357346101108;0.974617342889155;0.7599339914997818;256;256;0.8258000016212463
38;64;3;128;5;256;5;0.8305959057212844;0.7706327351680309;0.9209211413611024;0.8917207012914687;64;256;0.8514999747276306
39;64;3;128;3;256;5;0.8335275446407525;0.790399160606282;0.9689922329465424;0.8472126103038797;64;256;0.839900016784668
40;64;3;64;5;256;5;0.7454301652295241;0.7683450162191242;0.9512224427548008;0.870390209059037;64;256;0.8317000269889832
41;32;3;128;5;256;3;0.7110534527730749;0.8482038391659299;0.9314316225675092;0.8912485990657059;64;64;0.8230000138282776
42;64;3;128;3;256;5;0.7827371291132034;0.727946940182261;0.7771631268125659;0.9123873032520275;64;256;0.8449000120162964
43;64;3;64;5;256;3;0.8863770637393937;0.8346231188785329;0.982517488803466;0.8612859583841339;64;256;0.8228999972343445
44;32;3;128;5;256;5;0.7254950161591746;0.7988460396417756;0.9201139763788038;0.8429967044162979;64;64;0.8309000134468079
45;64;5;64;5;256;5;0.8280462961573557;0.8689262294434758;0.9584058512327202;0.7730253403047131;64;256;0.8206999897956848
46;64;3;128;3;256;3;0.7513116206312022;0.8139462699328032;0.7510948822616065;0.8950243128303328;128;128;0.8514000177383423
47;32;5;64;5;256;5;0.9996579779771922;0.7326136106587703;0.9008352732159804;0.9514574533648952;64;256;0.7781000137329102
48;64;3;128;5;256;5;0.9325361213351124;0.9026518456189626;0.9442094448775618;0.7263240909087129;64;64;0.8420000076293945
49;32;5;128;3;256;3;0.8038938680395923;0.7670879195642476;0.8158309837600662;0.9240143656474904;128;128;0.8032000064849854
50;64;3;64;5;128;5;0.8538185594075154;0.7103854421257625;0.8762210595807636;0.8808937437738421;64;256;0.7950000166893005
51;64;5;128;5;256;3;0.9621997163454143;0.7836111031067996;0.7173723962845953;0.8101940986687146;64;64;0.8080999851226807
52;32;3;128;5;256;5;0.8754327938038539;0.7585721938245389;0.9162185167748595;0.9018016269513901;128;128;0.8249999880790709
53;64;3;64;3;128;5;0.7728007478064437;0.8135722273104617;0.7823303295077987;0.8306322056418781;64;256;0.8130999803543091
54;64;5;128;5;256;5;0.7162318715788416;0.7136299960293707;0.8964217145689363;0.8583672679336061;64;256;0.8393999934196472
55;64;5;128;3;256;3;0.9468529332676826;0.7196109409121522;0.7053455845411682;0.9535089629421972;128;256;0.8242999911308289
56;32;3;64;3;256;5;0.8491167844627737;0.7202971298035145;0.9898804311698126;0.7033319304154245;256;64;0.8162999749183655
57;32;5;128;3;256;3;0.8410000438151318;0.8908543050844997;0.9134274256235904;0.8687144517269564;256;128;0.8070999979972839
58;32;3;64;5;256;5;0.7656624799722976;0.7769031676975944;0.7361945823105148;0.7480750404243613;128;128;0.8003000020980835
59;32;3;128;5;256;5;0.9442716748388452;0.938114720866043;0.9509284217745926;0.9859821741016108;256;64;0.8324000239372253
60;64;5;128;3;128;3;0.9783748952935664;0.9661283617546376;0.7615717767770478;0.8280155513966286;256;256;0.7702000141143799
61;64;5;128;3;128;3;0.7042492281185171;0.8211727068890841;0.9307015592387692;0.9865971248997432;64;64;0.8222000002861023
62;64;3;64;5;128;5;0.7151739066802804;0.9676124946168064;0.7632989816233228;0.7879813065898476;128;256;0.8158000111579895
63;64;5;64;5;256;3;0.990153745564638;0.9524226700310736;0.9487730368541536;0.8986144478976189;256;64;0.8097000122070312
64;32;5;64;5;128;5;0.8320367201292127;0.9666614919348934;0.8105928469529593;0.8152196096609384;64;128;0.7815999984741211
65;32;5;64;3;256;3;0.9407723937695848;0.8850601458618751;0.9700058247015336;0.8587974772337317;256;128;0.7789999842643738
66;64;5;128;3;256;3;0.9035059754964264;0.9326326461119804;0.7653181990507921;0.7956983303578222;64;128;0.8019000291824341
67;64;3;128;5;128;5;0.9115987728611682;0.8221434437884795;0.8293460502151562;0.9451256033862896;256;128;0.828499972820282
68;64;5;64;5;128;3;0.8621873649492076;0.9979818720146221;0.7417136224178743;0.9281203570321108;128;64;0.8100000023841858
69;32;5;64;5;256;5;0.7523760061927129;0.8792655287252225;0.9008049391246716;0.7878401453602162;64;128;0.7962999939918518
70;32;3;64;5;256;3;0.9769260716597804;0.9317549066265884;0.8904097956546383;0.8041456814457935;128;128;0.8104000091552734
71;64;5;64;5;128;5;0.9177219188273787;0.9722525983070454;0.9278489900723764;0.8442204685718548;128;128;0.809499979019165
72;32;5;128;3;128;5;0.7937138997158925;0.8244214423052366;0.7293690557697686;0.8251356239206167;64;64;0.8037999868392944
73;32;3;128;5;256;3;0.8795668523851259;0.8589479911742729;0.9351761031486292;0.7108052921776452;64;64;0.8309000134468079
74;64;5;128;3;128;3;0.966118372000172;0.9817261773179259;0.8854755355977266;0.8234310454695302;256;128;0.8108999729156494
75;32;3;128;5;256;5;0.8777280049368434;0.7848616923537758;0.9968780512883318;0.9988711539512382;64;64;0.8184000253677368
76;32;3;128;5;256;5;0.8862619679463283;0.9093223491980038;0.8647178722051541;0.7482731837996716;64;64;0.8303999900817871
77;32;3;128;5;256;5;0.8141184529452739;0.8587976031389287;0.9628453848004944;0.7460747146409221;256;64;0.8396999835968018
78;32;3;128;5;256;5;0.8085705547337607;0.7736999003772791;0.9637982232923232;0.7475586699505481;256;64;0.8320999741554259
79;32;3;128;5;256;5;0.7956689731456628;0.8494972119114759;0.999737067973028;0.9031506879983254;256;64;0.8203999996185303
80;32;3;128;5;256;5;0.7414669637654561;0.9222434154574102;0.8598703156982949;0.7298031527021469;256;64;0.8345999717712402
81;32;3;128;5;256;5;0.736700871603753;0.9128498255976644;0.8269928849298044;0.7311799776585712;256;256;0.8263999819755554
82;32;3;128;5;256;5;0.8213448700838677;0.8533165774530161;0.8644655178798945;0.7640231716234254;256;64;0.8309000134468079
83;32;3;128;5;256;5;0.7630505541696737;0.7489614650732055;0.7996435956143372;0.7012928789189196;256;256;0.8299999833106995
84;32;3;128;5;256;5;0.7844225612912546;0.8030844928478189;0.7054529485981464;0.7185789444622713;256;64;0.8323000073432922
85;64;5;128;3;256;3;0.9468529332676826;0.7196109409121522;0.7053455845411682;0.9535089629421972;128;256;0.8263999819755554
86;32;3;64;3;256;5;0.8491167844627737;0.7202971298035145;0.9898804311698126;0.7033319304154245;256;64;0.8187000155448914
87;32;5;128;3;256;3;0.8410000438151318;0.8908543050844997;0.9134274256235904;0.8687144517269564;256;128;0.8003000020980835
88;32;3;64;5;256;5;0.7656624799722976;0.7769031676975944;0.7361945823105148;0.7480750404243613;128;128;0.8112000226974487
89;32;3;128;5;256;5;0.9442716748388452;0.938114720866043;0.9509284217745926;0.9859821741016108;256;64;0.8313999772071838
90;64;5;128;3;128;3;0.9783748952935664;0.9661283617546376;0.7615717767770478;0.8280155513966286;256;256;0.8151999711990356
91;64;5;128;3;128;3;0.7042492281185171;0.8211727068890841;0.9307015592387692;0.9865971248997432;64;64;0.810699999332428
92;64;3;64;5;128;5;0.7151739066802804;0.9676124946168064;0.7632989816233228;0.7879813065898476;128;256;0.821399986743927
93;64;5;64;5;256;3;0.990153745564638;0.9524226700310736;0.9487730368541536;0.8986144478976189;256;64;0.8109999895095825
94;32;5;64;5;128;5;0.8320367201292127;0.9666614919348934;0.8105928469529593;0.8152196096609384;64;128;0.7849000096321106
95;32;5;64;3;256;3;0.9407723937695848;0.8850601458618751;0.9700058247015336;0.8587974772337317;256;128;0.7957999706268309
96;64;5;128;3;256;3;0.9035059754964264;0.9326326461119804;0.7653181990507921;0.7956983303578222;64;128;0.8191999793052673
97;64;3;128;5;128;5;0.9115987728611682;0.8221434437884795;0.8293460502151562;0.9451256033862896;256;128;0.8321999907493591
98;64;5;64;5;128;3;0.8621873649492076;0.9979818720146221;0.7417136224178743;0.9281203570321108;128;64;0.8097000122070312
99;32;5;64;5;256;5;0.7523760061927129;0.8792655287252225;0.9008049391246716;0.7878401453602162;64;128;0.794700026512146
100;32;3;64;5;256;3;0.9769260716597804;0.9317549066265884;0.8904097956546383;0.8041456814457935;128;128;0.8080000281333923
101;64;5;64;5;128;5;0.9177219188273787;0.9722525983070454;0.9278489900723764;0.8442204685718548;128;128;0.7878000140190125
102;32;5;128;3;128;5;0.7937138997158925;0.8244214423052366;0.7293690557697686;0.8251356239206167;64;64;0.8140000104904175
103;32;3;128;5;256;3;0.8795668523851259;0.8589479911742729;0.9351761031486292;0.7108052921776452;64;64;0.8263000249862671
104;64;5;128;3;128;3;0.966118372000172;0.9817261773179259;0.8854755355977266;0.8234310454695302;256;128;0.7972000241279602
105;32;3;128;5;128;5;0.9097599254128858;0.7816401668674383;0.8300941515753433;0.9970007799105208;256;64;0.8317999839782715
106;64;3;128;5;128;5;0.8962638555527771;0.76140326487611;0.8495289637536461;0.9536799852817344;256;256;0.8104000091552734
107;64;3;128;5;128;5;0.919225382848948;0.7697253429622997;0.8169064434402854;0.9991845977679976;256;64;0.8342000246047974
108;64;3;128;5;128;5;0.8112652344238815;0.7506503180566194;0.7987510334513684;0.9032330565345692;256;64;0.8442000150680542
109;64;3;128;5;128;5;0.8159982267016581;0.7009351602270841;0.7969548506533175;0.8939588836606209;256;64;0.8338999748229979
110;64;3;128;5;128;5;0.7946675007632109;0.7508692081870729;0.8620468384989292;0.9093622933994032;256;64;0.8429999947547913
111;64;3;128;5;128;5;0.7899014086015078;0.7451098775874752;0.8662251688631702;0.9029043641344598;256;64;0.8429999947547913
112;64;3;128;5;128;5;0.7356582692262742;0.7404960378254629;0.7904929464783572;0.8711184484366272;256;64;0.8388000130653381
113;64;3;128;5;128;5;0.7935843568915518;0.7955576899557796;0.8564412363144973;0.9220340973262956;256;256;0.8134999871253967
114;64;3;128;5;128;5;0.7654312230859862;0.7027021334583784;0.7100475197616631;0.964103651774624;256;64;0.8414000272750854
115;64;5;128;3;256;3;0.9468529332676826;0.7196109409121522;0.7053455845411682;0.9535089629421972;128;256;0.8131999969482422
116;32;3;64;3;256;5;0.8491167844627737;0.7202971298035145;0.9898804311698126;0.7033319304154245;256;64;0.8094000220298767
117;32;5;128;3;256;3;0.8410000438151318;0.8908543050844997;0.9134274256235904;0.8687144517269564;256;128;0.8047000169754028
118;32;3;64;5;256;5;0.7656624799722976;0.7769031676975944;0.7361945823105148;0.7480750404243613;128;128;0.8119000196456909
119;32;3;128;5;256;5;0.9442716748388452;0.938114720866043;0.9509284217745926;0.9859821741016108;256;64;0.8323000073432922
120;64;5;128;3;128;3;0.9783748952935664;0.9661283617546376;0.7615717767770478;0.8280155513966286;256;256;0.8133999705314636
121;64;5;128;3;128;3;0.7042492281185171;0.8211727068890841;0.9307015592387692;0.9865971248997432;64;64;0.8169999718666077
122;64;3;64;5;128;5;0.7151739066802804;0.9676124946168064;0.7632989816233228;0.7879813065898476;128;256;0.8222000002861023
123;64;5;64;5;256;3;0.990153745564638;0.9524226700310736;0.9487730368541536;0.8986144478976189;256;64;0.816100001335144
124;32;5;64;5;128;5;0.8320367201292127;0.9666614919348934;0.8105928469529593;0.8152196096609384;64;128;0.7943000197410583
125;32;5;64;3;256;3;0.9407723937695848;0.8850601458618751;0.9700058247015336;0.8587974772337317;256;128;0.7731000185012817
126;64;5;128;3;256;3;0.9035059754964264;0.9326326461119804;0.7653181990507921;0.7956983303578222;64;128;0.8162999749183655
127;64;3;128;5;128;5;0.9115987728611682;0.8221434437884795;0.8293460502151562;0.9451256033862896;256;128;0.828499972820282
128;64;5;64;5;128;3;0.8621873649492076;0.9979818720146221;0.7417136224178743;0.9281203570321108;128;64;0.8037999868392944
129;32;5;64;5;256;5;0.7523760061927129;0.8792655287252225;0.9008049391246716;0.7878401453602162;64;128;0.7961999773979187
130;32;3;64;5;256;3;0.9769260716597804;0.9317549066265884;0.8904097956546383;0.8041456814457935;128;128;0.8052999973297119
131;64;5;64;5;128;5;0.9177219188273787;0.9722525983070454;0.9278489900723764;0.8442204685718548;128;128;0.8022000193595886
132;32;5;128;3;128;5;0.7937138997158925;0.8244214423052366;0.7293690557697686;0.8251356239206167;64;64;0.8126000165939331
133;32;3;128;5;256;3;0.8795668523851259;0.8589479911742729;0.9351761031486292;0.7108052921776452;64;64;0.8281000256538391
134;64;5;128;3;128;3;0.966118372000172;0.9817261773179259;0.8854755355977266;0.8234310454695302;256;128;0.8072999715805054
135;32;3;128;5;128;5;0.9097599254128858;0.7816401668674383;0.8300941515753433;0.9970007799105208;256;64;0.8108000159263611
136;64;3;128;5;128;5;0.8850861833304595;0.7694884314225797;0.8641927214290124;0.9631318756248254;256;256;0.8155999779701233
137;64;3;128;5;256;5;0.9323424227757218;0.9170446992631482;0.7972491674597686;0.9152318661961716;256;64;0.8458999991416931
138;32;3;128;5;256;5;0.9523138365928848;0.8887895725155088;0.7962008602609071;0.9037397641212184;256;64;0.8428000211715698
139;32;3;128;5;256;5;0.9998985720261104;0.9178839254006824;0.7944046774628561;0.8983098451889999;256;64;0.8126999735832214
140;64;3;128;5;256;5;0.8179445511562782;0.9100034786738658;0.7963943422926044;0.9093622933994032;256;64;0.8526999950408936
141;64;3;128;5;256;5;0.8124041106871339;0.9102490448487084;0.8602953358938337;0.9208918808790412;256;64;0.8378999829292297
142;64;3;128;5;256;5;0.7812600792954141;0.9992479014452124;0.7085070712932683;0.8775763777015705;256;64;0.8447999954223633
143;64;3;128;5;256;5;0.7426471097151395;0.8421116236413382;0.7872363976835419;0.9519967184006612;256;256;0.8496000170707703
144;64;3;128;5;256;5;0.7374943166617657;0.8500060120762575;0.7024356910828587;0.9638351924714316;256;256;0.8464999794960022
145;64;5;128;3;256;3;0.9468529332676826;0.7196109409121522;0.7053455845411682;0.9535089629421972;128;256;0.8244000077247621
146;32;3;64;3;256;5;0.8491167844627737;0.7202971298035145;0.9898804311698126;0.7033319304154245;256;64;0.8224999904632568
147;32;5;128;3;256;3;0.8410000438151318;0.8908543050844997;0.9134274256235904;0.8687144517269564;256;128;0.8016999959945679
148;32;3;64;5;256;5;0.7656624799722976;0.7769031676975944;0.7361945823105148;0.7480750404243613;128;128;0.8123000264167786
149;32;3;128;5;256;5;0.9442716748388452;0.938114720866043;0.9509284217745926;0.9859821741016108;256;64;0.8294000029563904
150;64;5;128;3;128;3;0.9783748952935664;0.9661283617546376;0.7615717767770478;0.8280155513966286;256;256;0.8176000118255615
151;64;5;128;3;128;3;0.7042492281185171;0.8211727068890841;0.9307015592387692;0.9865971248997432;64;64;0.8209999799728394
152;64;3;64;5;128;5;0.7151739066802804;0.9676124946168064;0.7632989816233228;0.7879813065898476;128;256;0.7961999773979187
153;64;5;64;5;256;3;0.990153745564638;0.9524226700310736;0.9487730368541536;0.8986144478976189;256;64;0.8141000270843506
154;32;5;64;5;128;5;0.8320367201292127;0.9666614919348934;0.8105928469529593;0.8152196096609384;64;128;0.7856000065803528
155;32;5;64;3;256;3;0.9407723937695848;0.8850601458618751;0.9700058247015336;0.8587974772337317;256;128;0.7886000275611877
156;64;5;128;3;256;3;0.9035059754964264;0.9326326461119804;0.7653181990507921;0.7956983303578222;64;128;0.8116000294685364
157;64;3;128;5;128;5;0.9115987728611682;0.8221434437884795;0.8293460502151562;0.9451256033862896;256;128;0.8303999900817871
158;64;5;64;5;128;3;0.8621873649492076;0.9979818720146221;0.7417136224178743;0.9281203570321108;128;64;0.8112999796867371
159;32;5;64;5;256;5;0.7523760061927129;0.8792655287252225;0.9008049391246716;0.7878401453602162;64;128;0.8119000196456909
160;32;3;64;5;256;3;0.9769260716597804;0.9317549066265884;0.8904097956546383;0.8041456814457935;128;128;0.8047999739646912
161;64;5;64;5;128;5;0.9177219188273787;0.9722525983070454;0.9278489900723764;0.8442204685718548;128;128;0.7875000238418579
162;32;5;128;3;128;5;0.7937138997158925;0.8244214423052366;0.7293690557697686;0.8251356239206167;64;64;0.8113999962806702
163;32;3;128;5;256;3;0.8795668523851259;0.8589479911742729;0.9351761031486292;0.7108052921776452;64;64;0.8309000134468079
164;64;5;128;3;128;3;0.966118372000172;0.9817261773179259;0.8854755355977266;0.8234310454695302;256;128;0.7843000292778015
165;64;3;128;5;128;5;0.8909120577949958;0.7852775178425087;0.8332009401428452;0.7187489897038974;64;64;0.8346999883651733
166;32;3;128;5;128;5;0.8790388386930778;0.7650406158511803;0.8510452640229439;0.7081186535105887;64;64;0.8230000138282776
167;64;3;128;5;256;3;0.8061609574382103;0.7664346805214897;0.8610225796897062;0.7414720538287032;64;64;0.8414999842643738
168;64;3;128;5;128;5;0.8098649111710535;0.7606556021965721;0.8588840958815207;0.7476611444002497;64;64;0.8300999999046326
169;64;3;128;5;128;5;0.8071178736132311;0.7919678255857185;0.8022104279665817;0.7460962587061579;64;64;0.8392000198364258
170;64;3;128;5;256;3;0.749360010003449;0.7060258150855548;0.8010815489874764;0.7563126271785541;64;64;0.8407999873161316
171;64;3;128;5;256;3;0.7445939178417459;0.7004853746164106;0.7945878195348353;0.7707149839876516;64;256;0.8435999751091003
172;64;3;128;5;256;3;0.7259074182865393;0.7423012354515172;0.8728533849170871;0.770834669800884;64;256;0.8356000185012817
173;64;3;128;5;256;3;0.7793227348669951;0.7287576700686409;0.7854298749257728;0.7278719766416806;64;256;0.8324999809265137
174;64;3;128;5;256;3;0.7325534728722886;0.7040691841656068;0.7058843058451298;0.766831840665052;64;256;0.8360999822616577
175;64;5;128;3;256;3;0.9468529332676826;0.7196109409121522;0.7053455845411682;0.9535089629421972;128;256;0.8245999813079834
176;32;3;64;3;256;5;0.8491167844627737;0.7202971298035145;0.9898804311698126;0.7033319304154245;256;64;0.8057000041007996
177;32;5;128;3;256;3;0.8410000438151318;0.8908543050844997;0.9134274256235904;0.8687144517269564;256;128;0.8118000030517578
178;32;3;64;5;256;5;0.7656624799722976;0.7769031676975944;0.7361945823105148;0.7480750404243613;128;128;0.815500020980835
179;32;3;128;5;256;5;0.9442716748388452;0.938114720866043;0.9509284217745926;0.9859821741016108;256;64;0.8356999754905701
180;64;5;128;3;128;3;0.9783748952935664;0.9661283617546376;0.7615717767770478;0.8280155513966286;256;256;0.8192999958992004
181;64;5;128;3;128;3;0.7042492281185171;0.8211727068890841;0.9307015592387692;0.9865971248997432;64;64;0.8222000002861023
182;64;3;64;5;128;5;0.7151739066802804;0.9676124946168064;0.7632989816233228;0.7879813065898476;128;256;0.7972000241279602
183;64;5;64;5;256;3;0.990153745564638;0.9524226700310736;0.9487730368541536;0.8986144478976189;256;64;0.8086000084877014
184;32;5;64;5;128;5;0.8320367201292127;0.9666614919348934;0.8105928469529593;0.8152196096609384;64;128;0.7778000235557556
185;32;5;64;3;256;3;0.9407723937695848;0.8850601458618751;0.9700058247015336;0.8587974772337317;256;128;0.8001999855041504
186;64;5;128;3;256;3;0.9035059754964264;0.9326326461119804;0.7653181990507921;0.7956983303578222;64;128;0.8241999745368958
187;64;3;128;5;128;5;0.9115987728611682;0.8221434437884795;0.8293460502151562;0.9451256033862896;256;128;0.8296999931335449
188;64;5;64;5;128;3;0.8621873649492076;0.9979818720146221;0.7417136224178743;0.9281203570321108;128;64;0.8076000213623047
189;32;5;64;5;256;5;0.7523760061927129;0.8792655287252225;0.9008049391246716;0.7878401453602162;64;128;0.7991999983787537
190;32;3;64;5;256;3;0.9769260716597804;0.9317549066265884;0.8904097956546383;0.8041456814457935;128;128;0.8005999922752379
191;64;5;64;5;128;5;0.9177219188273787;0.9722525983070454;0.9278489900723764;0.8442204685718548;128;128;0.8169999718666077
192;32;5;128;3;128;5;0.7937138997158925;0.8244214423052366;0.7293690557697686;0.8251356239206167;64;64;0.8151000142097473
193;32;3;128;5;256;3;0.8795668523851259;0.8589479911742729;0.9351761031486292;0.7108052921776452;64;64;0.8309999704360962
194;64;5;128;3;128;3;0.966118372000172;0.9817261773179259;0.8854755355977266;0.8234310454695302;256;128;0.801800012588501
195;32;3;128;5;256;5;0.8777280049368434;0.7848616923537758;0.9968780512883318;0.9988711539512382;64;64;0.8319000005722046
196;32;3;128;5;256;5;0.8114191385141007;0.7544956595903932;0.9967602922267432;0.9982106741776032;64;64;0.8289999961853027
197;32;3;128;5;256;5;0.8840469783402748;0.7852025233064672;0.9678410361721652;0.9761701336609888;256;64;0.8361999988555908
198;32;3;128;5;256;5;0.9391433972473658;0.7902488608680293;0.8603414912604519;0.9724949102046304;256;64;0.8320999741554259
199;32;3;128;5;256;5;0.9050336781660178;0.752972332358985;0.9686802623096992;0.907586113263189;256;64;0.8357999920845032
200;32;3;128;5;256;5;0.8878267254600016;0.7010245900551147;0.9716919719344316;0.8995825175576049;256;64;0.8356999754905701
201;32;3;128;5;256;5;0.8255858190177761;0.750805557992129;0.8640404071381141;0.9072574208630796;256;256;0.8277999758720398
202;32;3;128;5;256;5;0.8654818588768145;0.7566972102710265;0.9730996234323772;0.8758001975653564;256;64;0.8335999846458435
203;32;3;128;5;256;5;0.9208435384097172;0.7271932952482285;0.8133682215637501;0.9568194060882322;256;256;0.8314999938011169
204;32;3;128;5;256;5;0.8034840581066336;0.7028107433501828;0.9542832481339591;0.9289506913614096;256;64;0.8360000252723694
205;64;5;128;3;256;3;0.9468529332676826;0.7196109409121522;0.7053455845411682;0.9535089629421972;128;256;0.8198000192642212
206;32;3;64;3;256;5;0.8491167844627737;0.7202971298035145;0.9898804311698126;0.7033319304154245;256;64;0.8217999935150146
207;32;5;128;3;256;3;0.8410000438151318;0.8908543050844997;0.9134274256235904;0.8687144517269564;256;128;0.8130999803543091
208;32;3;64;5;256;5;0.7656624799722976;0.7769031676975944;0.7361945823105148;0.7480750404243613;128;128;0.8165000081062317
209;32;3;128;5;256;5;0.9442716748388452;0.938114720866043;0.9509284217745926;0.9859821741016108;256;64;0.8321999907493591
210;64;5;128;3;128;3;0.9783748952935664;0.9661283617546376;0.7615717767770478;0.8280155513966286;256;256;0.7778000235557556
211;64;5;128;3;128;3;0.7042492281185171;0.8211727068890841;0.9307015592387692;0.9865971248997432;64;64;0.8222000002861023
212;64;3;64;5;128;5;0.7151739066802804;0.9676124946168064;0.7632989816233228;0.7879813065898476;128;256;0.8252999782562256
213;64;5;64;5;256;3;0.990153745564638;0.9524226700310736;0.9487730368541536;0.8986144478976189;256;64;0.8064000010490417
214;32;5;64;5;128;5;0.8320367201292127;0.9666614919348934;0.8105928469529593;0.8152196096609384;64;128;0.8011999726295471
215;32;5;64;3;256;3;0.9407723937695848;0.8850601458618751;0.9700058247015336;0.8587974772337317;256;128;0.7770000100135803
216;64;5;128;3;256;3;0.9035059754964264;0.9326326461119804;0.7653181990507921;0.7956983303578222;64;128;0.8004999756813049
217;64;3;128;5;128;5;0.9115987728611682;0.8221434437884795;0.8293460502151562;0.9451256033862896;256;128;0.8246999979019165
218;64;5;64;5;128;3;0.8621873649492076;0.9979818720146221;0.7417136224178743;0.9281203570321108;128;64;0.8120999932289124
219;32;5;64;5;256;5;0.7523760061927129;0.8792655287252225;0.9008049391246716;0.7878401453602162;64;128;0.8066999912261963
220;32;3;64;5;256;3;0.9769260716597804;0.9317549066265884;0.8904097956546383;0.8041456814457935;128;128;0.7968000173568726
221;64;5;64;5;128;5;0.9177219188273787;0.9722525983070454;0.9278489900723764;0.8442204685718548;128;128;0.7890999913215637
222;32;5;128;3;128;5;0.7937138997158925;0.8244214423052366;0.7293690557697686;0.8251356239206167;64;64;0.8223999738693237
223;32;3;128;5;256;3;0.8795668523851259;0.8589479911742729;0.9351761031486292;0.7108052921776452;64;64;0.8330000042915344
224;64;5;128;3;128;3;0.966118372000172;0.9817261773179259;0.8854755355977266;0.8234310454695302;256;128;0.7900000214576721
225;32;3;128;5;256;5;0.8777280049368434;0.7848616923537758;0.9968780512883318;0.9988711539512382;64;64;0.8317999839782715
226;32;3;128;5;256;5;0.8862619679463283;0.9093223491980038;0.8647178722051541;0.7482731837996716;64;64;0.8391000032424927
227;32;3;128;5;256;3;0.8142782482864797;0.8543237930368599;0.8653893114833321;0.7041239086973899;64;64;0.8216999769210815
228;32;3;128;5;256;5;0.8943041297003679;0.9135751922167096;0.8506865581190659;0.7398738916996215;64;64;0.8331999778747559
229;32;3;128;5;256;5;0.8923552175296744;0.9144144183542436;0.8058036178951236;0.7508636126147767;64;64;0.8263000249862671
230;32;3;128;5;256;5;0.8150364759453509;0.906533971627427;0.8498317329519017;0.7413879027232639;64;64;0.8190000057220459
231;32;3;128;5;256;5;0.9313582495962835;0.9995513712432698;0.8640404071381141;0.7639114268184282;64;256;0.8324000239372253
232;32;3;128;5;256;5;0.8703060243086733;0.9147136033774016;0.7976344978119759;0.726334826269747;64;64;0.8184999823570251
233;32;3;128;5;256;5;0.9580401446884282;0.8737414987885345;0.8369128993022016;0.772597089708973;64;256;0.8307999968528748
234;32;3;128;5;256;5;0.9213444905506264;0.8374900101856487;0.7000276604937414;0.7286496834597458;64;64;0.8379999995231628
235;64;5;128;3;256;3;0.9468529332676826;0.7196109409121522;0.7053455845411682;0.9535089629421972;128;256;0.8256000280380249
236;32;3;64;3;256;5;0.8491167844627737;0.7202971298035145;0.9898804311698126;0.7033319304154245;256;64;0.8065000176429749
237;32;5;128;3;256;3;0.8410000438151318;0.8908543050844997;0.9134274256235904;0.8687144517269564;256;128;0.819599986076355
238;32;3;64;5;256;5;0.7656624799722976;0.7769031676975944;0.7361945823105148;0.7480750404243613;128;128;0.805899977684021
239;32;3;128;5;256;5;0.9442716748388452;0.938114720866043;0.9509284217745926;0.9859821741016108;256;64;0.8352000117301941
240;64;5;128;3;128;3;0.9783748952935664;0.9661283617546376;0.7615717767770478;0.8280155513966286;256;256;0.8188999891281128
241;64;5;128;3;128;3;0.7042492281185171;0.8211727068890841;0.9307015592387692;0.9865971248997432;64;64;0.8130000233650208
242;64;3;64;5;128;5;0.7151739066802804;0.9676124946168064;0.7632989816233228;0.7879813065898476;128;256;0.8228999972343445
243;64;5;64;5;256;3;0.990153745564638;0.9524226700310736;0.9487730368541536;0.8986144478976189;256;64;0.8126999735832214
244;32;5;64;5;128;5;0.8320367201292127;0.9666614919348934;0.8105928469529593;0.8152196096609384;64;128;0.8019999861717224
245;32;5;64;3;256;3;0.9407723937695848;0.8850601458618751;0.9700058247015336;0.8587974772337317;256;128;0.7799000144004822
246;64;5;128;3;256;3;0.9035059754964264;0.9326326461119804;0.7653181990507921;0.7956983303578222;64;128;0.8162000179290771
247;64;3;128;5;128;5;0.9115987728611682;0.8221434437884795;0.8293460502151562;0.9451256033862896;256;128;0.8367999792098999
248;64;5;64;5;128;3;0.8621873649492076;0.9979818720146221;0.7417136224178743;0.9281203570321108;128;64;0.8051000237464905
249;32;5;64;5;256;5;0.7523760061927129;0.8792655287252225;0.9008049391246716;0.7878401453602162;64;128;0.8026999831199646
250;32;3;64;5;256;3;0.9769260716597804;0.9317549066265884;0.8904097956546383;0.8041456814457935;128;128;0.79339998960495
251;64;5;64;5;128;5;0.9177219188273787;0.9722525983070454;0.9278489900723764;0.8442204685718548;128;128;0.7893999814987183
252;32;5;128;3;128;5;0.7937138997158925;0.8244214423052366;0.7293690557697686;0.8251356239206167;64;64;0.8123999834060669
253;32;3;128;5;256;3;0.8795668523851259;0.8589479911742729;0.9351761031486292;0.7108052921776452;64;64;0.8173999786376953
254;64;5;128;3;128;3;0.966118372000172;0.9817261773179259;0.8854755355977266;0.8234310454695302;256;128;0.8008999824523926
255;32;3;128;5;128;5;0.9097599254128858;0.7816401668674383;0.8300941515753433;0.9970007799105208;256;64;0.8256999850273132
256;64;3;128;5;128;5;0.8850861833304595;0.7694884314225797;0.8641927214290124;0.9631318756248254;256;256;0.8363000154495239
257;64;3;128;5;128;5;0.8116802883835439;0.7697253429622997;0.8465857710403311;0.9404308553345762;256;256;0.8389000296592712
258;64;3;128;5;128;5;0.8153842421163872;0.7506503180566194;0.7989522785491462;0.907869345640357;256;256;0.8392000198364258
259;64;3;128;5;128;5;0.7942364865242889;0.7009351602270841;0.7971560957510953;0.903910231482587;256;256;0.8245999813079834
260;64;3;128;5;128;5;0.8136334694994305;0.7508692081870729;0.8620468384989292;0.8907782555525117;256;256;0.8379999995231628
261;64;3;128;5;128;5;0.7326928173481806;0.7451098775874752;0.7909946004750911;0.919398933119995;256;256;0.8068000078201294
262;64;3;128;5;128;5;0.7775096164888979;0.7997732996375202;0.8402635420503024;0.8779112934781209;256;256;0.8399999737739563
263;64;3;128;5;128;5;0.768370746738285;0.8040081422711216;0.7886643349257078;0.8780965714907569;256;256;0.8413000106811523
264;64;3;128;5;128;5;0.7632383083498553;0.8015720102788015;0.7038636283250246;0.8750858848819465;256;256;0.8205000162124634
265;64;5;128;3;256;3;0.9468529332676826;0.7196109409121522;0.7053455845411682;0.9535089629421972;128;256;0.8228999972343445
266;32;3;64;3;256;5;0.8491167844627737;0.7202971298035145;0.9898804311698126;0.7033319304154245;256;64;0.8136000037193298
267;32;5;128;3;256;3;0.8410000438151318;0.8908543050844997;0.9134274256235904;0.8687144517269564;256;128;0.8026000261306763
268;32;3;64;5;256;5;0.7656624799722976;0.7769031676975944;0.7361945823105148;0.7480750404243613;128;128;0.8039000034332275
269;32;3;128;5;256;5;0.9442716748388452;0.938114720866043;0.9509284217745926;0.9859821741016108;256;64;0.835099995136261
270;64;5;128;3;128;3;0.9783748952935664;0.9661283617546376;0.7615717767770478;0.8280155513966286;256;256;0.8169999718666077
271;64;5;128;3;128;3;0.7042492281185171;0.8211727068890841;0.9307015592387692;0.9865971248997432;64;64;0.8138999938964844
272;64;3;64;5;128;5;0.7151739066802804;0.9676124946168064;0.7632989816233228;0.7879813065898476;128;256;0.8187000155448914
273;64;5;64;5;256;3;0.990153745564638;0.9524226700310736;0.9487730368541536;0.8986144478976189;256;64;0.8062999844551086
274;32;5;64;5;128;5;0.8320367201292127;0.9666614919348934;0.8105928469529593;0.8152196096609384;64;128;0.8009999990463257
275;32;5;64;3;256;3;0.9407723937695848;0.8850601458618751;0.9700058247015336;0.8587974772337317;256;128;0.7975000143051147
276;64;5;128;3;256;3;0.9035059754964264;0.9326326461119804;0.7653181990507921;0.7956983303578222;64;128;0.8226000070571899
277;64;3;128;5;128;5;0.9115987728611682;0.8221434437884795;0.8293460502151562;0.9451256033862896;256;128;0.8324000239372253
278;64;5;64;5;128;3;0.8621873649492076;0.9979818720146221;0.7417136224178743;0.9281203570321108;128;64;0.8122000098228455
279;32;5;64;5;256;5;0.7523760061927129;0.8792655287252225;0.9008049391246716;0.7878401453602162;64;128;0.7997000217437744
280;32;3;64;5;256;3;0.9769260716597804;0.9317549066265884;0.8904097956546383;0.8041456814457935;128;128;0.7986999750137329
281;64;5;64;5;128;5;0.9177219188273787;0.9722525983070454;0.9278489900723764;0.8442204685718548;128;128;0.8040999770164491
282;32;5;128;3;128;5;0.7937138997158925;0.8244214423052366;0.7293690557697686;0.8251356239206167;64;64;0.8137000203132629
283;32;3;128;5;256;3;0.8795668523851259;0.8589479911742729;0.9351761031486292;0.7108052921776452;64;64;0.8173999786376953
284;64;5;128;3;128;3;0.966118372000172;0.9817261773179259;0.8854755355977266;0.8234310454695302;256;128;0.7888000011444092
285;32;3;128;5;128;5;0.9097599254128858;0.7816401668674383;0.8300941515753433;0.9970007799105208;256;64;0.8220000267028809
286;64;3;128;5;128;5;0.8850861833304595;0.7694884314225797;0.8641927214290124;0.9631318756248254;256;256;0.8403000235557556
287;64;3;128;5;256;5;0.8141184529452739;0.7485400501011654;0.8588460746273241;0.972667046604232;256;256;0.8449000120162964
288;64;3;128;5;128;5;0.8178224066781171;0.7534970024723628;0.8651455599208412;0.9103867029676278;256;256;0.8184999823570251
289;64;3;128;5;128;5;0.7996459918324241;0.7041172717631632;0.7945759314024435;0.9557450255970604;256;256;0.8101000189781189
290;64;3;128;5;256;5;0.8761501956205476;0.7505766472545357;0.8604471635861283;0.8870142140871566;256;256;0.8342999815940857
291;64;3;128;5;256;5;0.7545075044639388;0.7897201943374912;0.8388261404705649;0.972903564074837;256;256;0.8264999985694885
292;64;3;128;5;128;5;0.7774339810844098;0.7399601673194465;0.8057940143202342;0.9179424005424236;256;256;0.8410999774932861
293;64;3;128;5;256;5;0.7328092692035891;0.7299070536547295;0.7966360697111717;0.9275743280633518;256;256;0.8258000016212463
294;64;3;128;5;128;5;0.7795687382325116;0.7086116818020164;0.8097502583201052;0.9393069786406442;256;256;0.8406999707221985
0;64;5;128;3;256;3;0.9468529332676826;0.7196109409121522;0.7053455845411682;0.9535089629421972;128;256;0.8310999870300293
1;32;3;64;3;256;5;0.8491167844627737;0.7202971298035145;0.9898804311698126;0.7033319304154245;256;64;0.8113999962806702
2;32;5;128;3;256;3;0.8410000438151318;0.8908543050844997;0.9134274256235904;0.8687144517269564;256;128;0.8215000033378601
3;32;3;64;5;256;5;0.7656624799722976;0.7769031676975944;0.7361945823105148;0.7480750404243613;128;128;0.8044000267982483
4;32;3;128;5;256;5;0.9442716748388452;0.938114720866043;0.9509284217745926;0.9859821741016108;256;64;0.8310999870300293
5;64;5;128;3;128;3;0.9783748952935664;0.9661283617546376;0.7615717767770478;0.8280155513966286;256;256;0.8179000020027161
6;64;5;128;3;128;3;0.7042492281185171;0.8211727068890841;0.9307015592387691;0.9865971248997432;64;64;0.8230000138282776
7;64;3;64;5;128;5;0.7151739066802804;0.9676124946168064;0.7632989816233228;0.7879813065898476;128;256;0.7925000190734863
8;64;5;64;5;256;3;0.990153745564638;0.9524226700310736;0.9487730368541536;0.8986144478976189;256;64;0.8126000165939331
9;32;5;64;5;128;5;0.8320367201292127;0.9666614919348934;0.8105928469529593;0.8152196096609384;64;128;0.7915999889373779
10;32;5;64;3;256;3;0.9407723937695848;0.8850601458618751;0.9700058247015336;0.8587974772337317;256;128;0.782800018787384
11;64;5;128;3;256;3;0.9035059754964264;0.9326326461119804;0.7653181990507921;0.7956983303578222;64;128;0.8238999843597412
12;64;3;128;5;128;5;0.9115987728611682;0.8221434437884795;0.8293460502151562;0.9451256033862896;256;128;0.8327000141143799
13;64;5;64;5;128;3;0.8621873649492076;0.997981872014622;0.7417136224178743;0.9281203570321108;128;64;0.8156999945640564
14;32;5;64;5;256;5;0.7523760061927129;0.8792655287252225;0.9008049391246716;0.7878401453602162;64;128;0.7993999719619751
15;32;3;64;5;256;3;0.9769260716597804;0.9317549066265884;0.8904097956546383;0.8041456814457935;128;128;0.7939000129699707
16;64;5;64;5;128;5;0.9177219188273787;0.9722525983070454;0.9278489900723764;0.8442204685718548;128;128;0.8095999956130981
17;32;5;128;3;128;5;0.7937138997158925;0.8244214423052366;0.7293690557697686;0.8251356239206167;64;64;0.8087999820709229
18;32;3;128;5;256;3;0.8795668523851259;0.8589479911742729;0.9351761031486292;0.7108052921776452;64;64;0.828499972820282
19;64;5;128;3;128;3;0.966118372000172;0.981726177317926;0.8854755355977266;0.8234310454695302;256;128;0.8015000224113464
20;64;3;128;3;128;5;0.8964938049236962;0.7041059906605309;0.8380219717475733;0.9465978235847832;128;256;0.8307999968528748
21;64;3;128;3;128;5;0.935487722656106;0.7475649156831609;0.8044647888259534;0.9536799852817344;128;256;0.8309000134468079
22;64;3;128;5;128;3;0.8166997113741115;0.7814254154732718;0.850124855869596;0.9028958798225682;256;256;0.8327000141143799
23;64;3;128;5;128;5;0.8036386244361017;0.7863823678444692;0.8513261019310636;0.8926855784569538;256;256;0.8349000215530396
24;64;3;128;5;128;5;0.779581785744016;0.8039354328047887;0.8609842513895464;0.8939588836606209;256;256;0.8356999754905701
25;64;3;128;5;128;5;0.7358753756136975;0.7863182898566995;0.8639959610142787;0.8921722018177237;256;256;0.8252999782562256
26;64;3;128;5;128;5;0.7845222851420903;0.7384354051784771;0.7957349313658236;0.8783368879648208;256;256;0.8420000076293945
27;64;3;128;5;128;5;0.7895686166900897;0.7546138060228275;0.7911210916038115;0.9192275668856188;256;256;0.8174999952316284
28;64;3;128;5;128;5;0.7704429159934029;0.7284919394623351;0.7865769867567611;0.8746081560878644;256;256;0.8450999855995178
29;64;3;128;5;128;5;0.7310071708877398;0.7004532838466044;0.7017762801560781;0.7651282276292862;256;256;0.8212000131607056
